Name,Username,Password,UserRole,Token,UserID,Message,ProfileImg
User_6f0127,user_6f0127,Welcome@123,user,eyJhbGciOiJIUzI1NiIsInR5cCI6IkpXVCJ9.eyJ1c2VyX2lkIjoiNjkwYzQ1MTg5NTZkNTY4OWM5YjBlMmYxIiwidXNlcl9yb2xlIjoidXNlciIsImlhdCI6MTc2MjQxMTgwMH0.3w7GeTUT235EJ9ZZStJC-5sMfofdrYpTQVKiX4u5n3o,690c4518956d5689c9b0e2f1,user_6f01271762414147168.png,
User_1f5a18,user_1f5a18,Welcome@123,user,eyJhbGciOiJIUzI1NiIsInR5cCI6IkpXVCJ9.eyJ1c2VyX2lkIjoiNjkwYzQ1MTk1ZGQzNGQ4OWRhODFmNmNlIiwidXNlcl9yb2xlIjoidXNlciIsImlhdCI6MTc2MjQxMTgwMX0.R3lM_8L8xmGeCMa_SIDv9NyMAoG67DiSQxOVoviQd8g,690c45195dd34d89da81f6ce,user_1f5a181762414928102.png,user_1f5a181762415519318.png
User_8d4c76,user_8d4c76,Welcome@123,user,eyJhbGciOiJIUzI1NiIsInR5cCI6IkpXVCJ9.eyJ1c2VyX2lkIjoiNjkwYzQ1MWFjZTFjMTQ4OWViZGVlNWY0IiwidXNlcl9yb2xlIjoidXNlciIsImlhdCI6MTc2MjQxMTgwMn0.mKPGs0Ns_HZ9Jws0YTYFdsIXbe2drHUWPNGVudYZnNs,690c451ace1c1489ebdee5f4,user_8d4c761762414928531.png,user_8d4c761762415519768.png
User_2b9511,user_2b9511,Welcome@123,user,eyJhbGciOiJIUzI1NiIsInR5cCI6IkpXVCJ9.eyJ1c2VyX2lkIjoiNjkwYzQ1MWE5NTZkNTY4OWM5YjBlMmY3IiwidXNlcl9yb2xlIjoidXNlciIsImlhdCI6MTc2MjQxMTgwMn0.kUku2XCnfxqR9ZdyGPmShhGxbpnTWtXwlWDwQLLqrUk,690c451a956d5689c9b0e2f7,user_2b95111762414928585.png,user_2b95111762415519817.png
User_ea7c15,user_ea7c15,Welcome@123,user,eyJhbGciOiJIUzI1NiIsInR5cCI6IkpXVCJ9.eyJ1c2VyX2lkIjoiNjkwYzQ1MWJjZTFjMTQ4OWViZGVlNjA0IiwidXNlcl9yb2xlIjoidXNlciIsImlhdCI6MTc2MjQxMTgwM30.PVcBCt9b3mQlAGRxXW5zMEZsnpfyr5D4T5uljQvioww,690c451bce1c1489ebdee604,user_ea7c151762414928635.png,user_ea7c151762415519877.png
User_40083c,user_40083c,Welcome@123,user,eyJhbGciOiJIUzI1NiIsInR5cCI6IkpXVCJ9.eyJ1c2VyX2lkIjoiNjkwYzQ1MWI1ZGQzNGQ4OWRhODFmNmUxIiwidXNlcl9yb2xlIjoidXNlciIsImlhdCI6MTc2MjQxMTgwM30.EkBk9Q3svdvx0fgtvBlhaA3eq-QL34EjcytZNzW7Kng,690c451b5dd34d89da81f6e1,user_40083c1762414928687.png,user_40083c1762415519928.png
User_30addd,user_30addd,Welcome@123,user,eyJhbGciOiJIUzI1NiIsInR5cCI6IkpXVCJ9.eyJ1c2VyX2lkIjoiNjkwYzQ1MWJjZTFjMTQ4OWViZGVlNjBhIiwidXNlcl9yb2xlIjoidXNlciIsImlhdCI6MTc2MjQxMTgwM30.-F1w7isM355tiRFPuwB1KTz8gmy2hXpnbEQRQf-cI-Q,690c451bce1c1489ebdee60a,user_30addd1762414928774.png,user_30addd1762415519981.png
User_6452c8,user_6452c8,Welcome@123,user,eyJhbGciOiJIUzI1NiIsInR5cCI6IkpXVCJ9.eyJ1c2VyX2lkIjoiNjkwYzQ1MWM5NTZkNTY4OWM5YjBlMzA2IiwidXNlcl9yb2xlIjoidXNlciIsImlhdCI6MTc2MjQxMTgwNH0.oURMed2e7nYAwgRXfkirB7Ah8sBtB4znorskeIchjBU,690c451c956d5689c9b0e306,user_6452c81762414928827.png,user_6452c81762415520031.png
User_23c49e,user_23c49e,Welcome@123,user,eyJhbGciOiJIUzI1NiIsInR5cCI6IkpXVCJ9.eyJ1c2VyX2lkIjoiNjkwYzQ1MWM1ZGQzNGQ4OWRhODFmNmU3IiwidXNlcl9yb2xlIjoidXNlciIsImlhdCI6MTc2MjQxMTgwNH0.QPuWl8Q5YKehjEJjUKTIKgZTm2B5tr17YRuPm3FGUoo,690c451c5dd34d89da81f6e7,user_23c49e1762414928896.png,user_23c49e1762415520089.png
User_7807f8,user_7807f8,Welcome@123,user,eyJhbGciOiJIUzI1NiIsInR5cCI6IkpXVCJ9.eyJ1c2VyX2lkIjoiNjkwYzQ1MWM5NTZkNTY4OWM5YjBlMzBjIiwidXNlcl9yb2xlIjoidXNlciIsImlhdCI6MTc2MjQxMTgwNH0.5L-Y23hgUXCru66rTC9AOrgMhZMGzcE3s_6jcv9ejrg,690c451c956d5689c9b0e30c,user_7807f81762414928938.png,user_7807f81762415520144.png
